Country,TotalCases,NewCases,TotalDeaths,NewDeaths,TotalRecovered,ActiveCases,Critical,Tot Cases/1M pop,Deaths/1M pop,TotalTests,Tests/ 1M pop,CountryCode,CountryName,Population,DeathsPop,CasesPop
World,2936386,"+16,982",203703.0,539.0,841286.0,1891397,57824.0,377.0,26.1,0.0,0.0,WRL,Global,7600000000.0,2,38
USA,960896,+245,54265.0,9.0,118162.0,788469,15110.0,2903.0,164.0,5279237.0,15949.0,USA,United States,327167434.0,16,293
Italy,195351,0,26384.0,0.0,63120.0,105847,2102.0,3231.0,436.0,1707743.0,28245.0,ITA,Italy,60431283.0,43,323
Spain,223759,0,22902.0,0.0,95708.0,105149,7705.0,4786.0,490.0,930230.0,19896.0,ESP,Spain,46723749.0,49,478
France,161488,0,22614.0,0.0,44594.0,94280,4725.0,2474.0,346.0,463662.0,7103.0,FRA,France,66987244.0,33,241
UK,148377,0,20319.0,0.0,0.0,127714,1559.0,2186.0,299.0,640792.0,9439.0,GBR,United Kingdom,66488991.0,30,223
Belgium,46134,+809,7094.0,177.0,10785.0,28255,891.0,3981.0,612.0,189067.0,16313.0,BEL,Belgium,11422068.0,62,403
Germany,156513,0,5877.0,0.0,109800.0,40836,2570.0,1868.0,70.0,2072669.0,24738.0,DEU,Germany,82927922.0,7,188
Iran,90481,"+1,153",5710.0,60.0,69657.0,15114,3079.0,1077.0,68.0,421313.0,5016.0,IRN,Iran,81800269.0,6,110
China,82827,+11,4632.0,0.0,77394.0,801,51.0,58.0,3.0,0.0,0.0,CHN,China,1392730000.0,<1,5
Netherlands,37190,0,4409.0,0.0,0.0,32531,959.0,2170.0,257.0,193950.0,11319.0,NLD,Netherlands,17231017.0,25,215
Brazil,59324,+128,4057.0,12.0,29160.0,26107,8318.0,279.0,19.0,291922.0,1373.0,BRA,Brazil,209469333.0,1,28
Turkey,107773,0,2706.0,0.0,25582.0,79485,1782.0,1278.0,32.0,868565.0,10298.0,TUR,Turkey,82319724.0,3,130
Canada,45354,0,2465.0,0.0,16425.0,26464,557.0,1202.0,65.0,684271.0,18130.0,CAN,Canada,37058856.0,6,122
Sweden,18177,0,2192.0,0.0,1005.0,14980,547.0,1800.0,217.0,94500.0,9357.0,SWE,Sweden,10183175.0,21,178
Switzerland,28894,0,1607.0,8.0,21300.0,5987,204.0,3339.0,186.0,245300.0,28343.0,CHE,Switzerland,8516543.0,18,339
Mexico,13842,+970,1305.0,84.0,7149.0,5388,378.0,107.0,10.0,65500.0,508.0,MEX,Mexico,126190788.0,1,10
Ireland,18561,0,1063.0,0.0,9233.0,8265,142.0,3759.0,215.0,127319.0,25785.0,IRL,Ireland,4853506.0,21,382
Portugal,23392,0,880.0,0.0,1277.0,21235,186.0,2294.0,86.0,330512.0,32414.0,PRT,Portugal,10281762.0,8,227
India,26496,+213,825.0,0.0,5939.0,19732,0.0,19.0,0.6,625309.0,453.0,IND,India,1352617328.0,<1,1
Russia,80949,"+6,361",747.0,66.0,6767.0,73435,2300.0,555.0,5.0,2877699.0,19719.0,RUS,Russia,144478050.0,<1,56
Indonesia,8882,+275,743.0,23.0,1107.0,7032,0.0,32.0,3.0,72099.0,264.0,IDN,Indonesia,267663435.0,<1,3
Peru,25331,0,700.0,0.0,7797.0,16834,545.0,768.0,21.0,218195.0,6618.0,PER,Peru,31989256.0,2,79
Romania,11036,+401,608.0,7.0,3054.0,7374,236.0,574.0,32.0,136518.0,7096.0,ROU,Romania,19473936.0,3,56
Ecuador,22719,0,576.0,0.0,1366.0,20777,127.0,1288.0,33.0,56513.0,3203.0,ECU,Ecuador,17084357.0,3,132
Austria,15225,+77,542.0,6.0,12282.0,2401,145.0,1690.0,60.0,227631.0,25274.0,AUT,Austria,8847037.0,6,172
Poland,11395,+122,526.0,2.0,2265.0,8604,160.0,301.0,14.0,278994.0,7372.0,POL,Poland,37978548.0,1,30
Philippines,7579,+285,501.0,7.0,862.0,6216,1.0,69.0,5.0,84789.0,774.0,PHL,Philippines,106651922.0,<1,7
Algeria,3256,0,419.0,0.0,1479.0,1358,40.0,74.0,10.0,6500.0,148.0,DZA,Algeria,42228429.0,<1,7
Denmark,8445,0,418.0,0.0,5669.0,2358,70.0,1458.0,72.0,136738.0,23607.0,DNK,Denmark,5797446.0,7,145
Japan,13231,0,360.0,0.0,1656.0,11215,287.0,105.0,3.0,147454.0,1166.0,JPN,Japan,126529100.0,<1,10
Egypt,4319,0,307.0,0.0,1114.0,2898,0.0,42.0,3.0,90000.0,879.0,EGY,Egypt,98423595.0,<1,4
Dominican Republic,5926,0,273.0,0.0,822.0,4831,136.0,546.0,25.0,21284.0,1962.0,DOM,Dominican Republic,10627165.0,2,55
Hungary,2500,+57,272.0,10.0,485.0,1743,61.0,259.0,28.0,63505.0,6574.0,HUN,Hungary,9768785.0,2,25
Pakistan,12723,0,269.0,0.0,2866.0,9588,111.0,58.0,1.0,144365.0,654.0,PAK,Pakistan,212215030.0,<1,5
S. Korea,10728,+10,242.0,2.0,8717.0,1769,55.0,209.0,5.0,598285.0,11669.0,KOR,South Korea,51635256.0,<1,20
Colombia,5142,0,233.0,0.0,1067.0,3842,117.0,101.0,5.0,78078.0,1534.0,COL,Colombia,49648685.0,<1,10
Czechia,7352,0,219.0,1.0,2471.0,4662,79.0,687.0,20.0,215116.0,20087.0,CZE,Czechia,10625695.0,2,69
Ukraine,8617,+492,209.0,8.0,840.0,7568,107.0,197.0,5.0,89373.0,2044.0,UKR,Ukraine,44622516.0,<1,19
Norway,7499,+6,201.0,0.0,32.0,7266,50.0,1383.0,37.0,155125.0,28614.0,NOR,Norway,5314336.0,3,141
Israel,15398,+100,199.0,0.0,6602.0,8597,132.0,1779.0,23.0,302691.0,34971.0,ISR,Israel,8883800.0,2,173
Finland,4576,+101,190.0,4.0,2500.0,1886,62.0,826.0,34.0,80300.0,14493.0,FIN,Finland,5518050.0,3,82
Argentina,3780,0,185.0,0.0,1030.0,2565,144.0,84.0,4.0,47406.0,1049.0,ARG,Argentina,44494502.0,<1,8
Chile,12858,0,181.0,0.0,6746.0,5931,418.0,673.0,9.0,149212.0,7806.0,CHL,Chile,18729160.0,<1,68
Morocco,4047,+150,160.0,1.0,557.0,3330,1.0,110.0,4.0,26472.0,717.0,MAR,Morocco,36029138.0,<1,11
Panama,5538,+200,159.0,5.0,338.0,5041,85.0,1283.0,37.0,25400.0,5887.0,PAN,Panama,4176873.0,3,132
Serbia,7779,0,151.0,0.0,1152.0,6476,91.0,890.0,17.0,59938.0,6860.0,SRB,Serbia,6982084.0,2,111
Bangladesh,5416,+418,145.0,5.0,122.0,5149,1.0,33.0,0.9,46589.0,283.0,BGD,Bangladesh,161356039.0,<1,3
Saudi Arabia,16299,0,136.0,0.0,2215.0,13948,115.0,468.0,4.0,200000.0,5745.0,SAU,Saudi Arabia,33699947.0,<1,48
Greece,2506,0,130.0,0.0,577.0,1799,47.0,240.0,12.0,63087.0,6053.0,GRC,Greece,10727668.0,1,23
Malaysia,5780,+38,98.0,0.0,3862.0,1820,36.0,179.0,3.0,131491.0,4063.0,MYS,Malaysia,31528585.0,<1,18
Moldova,3304,0,94.0,0.0,825.0,2385,212.0,819.0,23.0,11763.0,2916.0,MDA,Moldova,3545883.0,2,93
South Africa,4361,0,86.0,0.0,1473.0,2802,36.0,74.0,1.0,161004.0,2715.0,ZAF,South Africa,57779622.0,<1,7
Iraq,1763,0,86.0,0.0,1224.0,453,0.0,44.0,2.0,68224.0,1696.0,IRQ,Iraq,38433600.0,<1,4
Luxembourg,3711,0,85.0,0.0,3088.0,538,26.0,5928.0,136.0,38514.0,61526.0,LUX,Luxembourg,607728.0,13,610
Australia,6711,+16,83.0,3.0,5539.0,1089,42.0,263.0,3.0,506449.0,19861.0,AUS,Australia,24992369.0,<1,26
Slovenia,1396,+8,82.0,1.0,221.0,1093,23.0,671.0,39.0,48973.0,23557.0,SVN,Slovenia,2067372.0,3,67
UAE,10349,+536,76.0,5.0,1978.0,8295,1.0,1046.0,8.0,1022326.0,103365.0,ARE,United Arab Emirates,9630959.0,<1,107
Belarus,10463,+873,72.0,5.0,1695.0,8696,92.0,1107.0,8.0,147525.0,15612.0,BLR,Belarus,9485386.0,<1,110
North Macedonia,1386,+19,61.0,2.0,500.0,825,13.0,665.0,29.0,15120.0,7257.0,MKD,Macedonia,2082958.0,2,66
Honduras,627,+36,59.0,4.0,65.0,503,10.0,63.0,6.0,3457.0,349.0,HND,Honduras,9587522.0,<1,6
Bosnia and Herzegovina,1516,+30,59.0,2.0,624.0,833,4.0,462.0,18.0,25830.0,7873.0,BIH,Bosnia and Herzegovina,3323929.0,1,45
Bulgaria,1290,+43,55.0,0.0,205.0,1030,37.0,186.0,8.0,27000.0,3886.0,BGR,Bulgaria,7024216.0,<1,18
Croatia,2016,0,54.0,0.0,1034.0,928,21.0,491.0,13.0,30913.0,7530.0,HRV,Croatia,4089400.0,1,49
Cameroon,1518,0,53.0,0.0,697.0,768,28.0,57.0,2.0,0.0,0.0,CMR,Cameroon,25216237.0,<1,6
Thailand,2922,+15,51.0,0.0,2594.0,277,61.0,42.0,0.7,142589.0,2043.0,THA,Thailand,69428524.0,<1,4
Cuba,1337,0,51.0,0.0,437.0,849,11.0,118.0,5.0,37991.0,3354.0,CUB,Cuba,11338138.0,<1,11
Afghanistan,1531,+68,50.0,3.0,207.0,1274,7.0,39.0,1.0,8090.0,208.0,AFG,Afghanistan,37172386.0,<1,4
Estonia,1643,+8,49.0,3.0,233.0,1361,6.0,1239.0,37.0,47933.0,36134.0,EST,Estonia,1320884.0,3,124
Bolivia,866,+59,46.0,2.0,54.0,766,3.0,74.0,4.0,4995.0,428.0,BOL,Bolivia,11353142.0,<1,7
Burkina Faso,629,0,41.0,0.0,442.0,146,0.0,30.0,2.0,0.0,0.0,BFA,Burkina Faso,19751535.0,<1,3
San Marino,538,+25,41.0,1.0,64.0,433,4.0,15856.0,1208.0,2074.0,61124.0,SMR,San Marino,33785.0,121,1592
Lithuania,1438,+12,41.0,0.0,467.0,930,17.0,528.0,15.0,104488.0,38382.0,LTU,Lithuania,2789533.0,1,51
Andorra,738,0,40.0,0.0,344.0,354,17.0,9552.0,518.0,1673.0,21653.0,AND,Andorra,77006.0,51,958
Tunisia,939,0,38.0,0.0,207.0,694,19.0,79.0,3.0,20408.0,1727.0,TUN,Tunisia,11565204.0,<1,8
Channel Islands,525,0,35.0,0.0,332.0,158,0.0,3020.0,201.0,5342.0,30725.0,0,0,0.0,<1,<1
Nigeria,1182,0,35.0,0.0,222.0,925,2.0,6.0,0.2,10061.0,49.0,NGA,Nigeria,195874740.0,<1,<1
Albania,726,+14,28.0,1.0,410.0,288,4.0,252.0,10.0,7279.0,2529.0,ALB,Albania,2866376.0,<1,25
DRC,442,+26,28.0,0.0,50.0,364,0.0,5.0,0.3,0.0,0.0,COD,DRC,84068091.0,<1,<1
Armenia,1746,+69,28.0,0.0,833.0,885,10.0,589.0,9.0,17931.0,6051.0,ARM,Armenia,2951776.0,<1,59
Niger,684,0,27.0,0.0,325.0,332,0.0,28.0,1.0,5013.0,207.0,NER,Niger,22442948.0,<1,3
Kazakhstan,2652,+51,25.0,0.0,646.0,1981,31.0,141.0,1.0,196298.0,10454.0,KAZ,Kazakhstan,18276499.0,<1,14
Lebanon,707,+3,24.0,0.0,145.0,538,44.0,104.0,4.0,27827.0,4077.0,LBN,Lebanon,6848925.0,<1,10
Mali,370,0,21.0,0.0,91.0,258,0.0,18.0,1.0,2172.0,107.0,MLI,Mali,19077690.0,<1,1
Azerbaijan,1645,+28,21.0,0.0,1139.0,485,15.0,162.0,2.0,120479.0,11883.0,AZE,Azerbaijan,9942334.0,<1,16
Kuwait,3075,+183,20.0,1.0,806.0,2249,61.0,720.0,5.0,0.0,0.0,KWT,Kuwait,4137309.0,<1,74
Isle of Man,308,0,18.0,0.0,247.0,43,22.0,3622.0,212.0,2854.0,33563.0,IMN,Isle of Man,84077.0,21,366
Somalia,390,0,18.0,0.0,8.0,364,2.0,25.0,1.0,0.0,0.0,SOM,Somalia,15008154.0,<1,2
New Zealand,1470,+9,18.0,0.0,1142.0,310,1.0,305.0,4.0,120981.0,25088.0,NZL,New Zealand,4885500.0,<1,30
Slovakia,1379,+6,18.0,1.0,394.0,967,5.0,253.0,3.0,70928.0,12991.0,SVK,Slovakia,5447011.0,<1,25
Sudan,213,0,17.0,0.0,19.0,177,0.0,5.0,0.4,0.0,0.0,SDN,Sudan,41801533.0,<1,<1
Kenya,343,0,14.0,0.0,98.0,231,2.0,6.0,0.3,17492.0,325.0,KEN,Kenya,51393010.0,<1,<1
Martinique,175,0,14.0,0.0,77.0,84,7.0,466.0,37.0,0.0,0.0,MTQ,Martinique,376480.0,3,46
Uruguay,596,+33,14.0,2.0,370.0,212,9.0,172.0,4.0,16496.0,4749.0,URY,Uruguay,3449299.0,<1,17
Cyprus,810,0,14.0,0.0,148.0,648,15.0,671.0,12.0,43542.0,36064.0,CYP,Cyprus,1189265.0,1,68
Ivory Coast,1111,+34,14.0,0.0,449.0,648,0.0,42.0,0.5,0.0,0.0,CIV,Ivory Coast,25069229.0,<1,4
Guatemala,473,+43,13.0,2.0,45.0,415,5.0,26.0,0.7,7200.0,402.0,GTM,Guatemala,17247807.0,<1,2
Diamond Princess,712,0,13.0,0.0,645.0,54,4.0,0.0,0.0,0.0,0.0,DPR,Diamond Princess,3700.0,351,19243
Singapore,13624,+931,12.0,0.0,1002.0,12610,24.0,2329.0,2.0,121774.0,20815.0,SGP,Singapore,5638676.0,<1,241
Sint Maarten,73,0,12.0,0.0,22.0,39,8.0,1703.0,280.0,266.0,6204.0,SXM,Sint Maarten,41486.0,28,175
Latvia,812,+8,12.0,0.0,267.0,533,6.0,430.0,6.0,47671.0,25274.0,LVA,Latvia,1926542.0,<1,42
Guadeloupe,149,0,12.0,0.0,82.0,55,11.0,372.0,30.0,0.0,0.0,GLP,Guadeloupe,395700.0,3,37
Liberia,120,0,11.0,0.0,25.0,84,0.0,24.0,2.0,0.0,0.0,LBR,Liberia,4818977.0,<1,2
Bahamas,78,0,11.0,0.0,15.0,52,1.0,198.0,28.0,0.0,0.0,BHS,Bahamas,385640.0,2,20
Iceland,1790,0,10.0,0.0,1570.0,210,4.0,5246.0,29.0,45971.0,134716.0,ISL,Iceland,353574.0,2,506
Qatar,10287,+929,10.0,0.0,1012.0,9265,72.0,3571.0,3.0,82289.0,28562.0,QAT,Qatar,2781677.0,<1,369
Oman,1998,+93,10.0,0.0,333.0,1655,3.0,391.0,2.0,0.0,0.0,OMN,Oman,4829483.0,<1,41
Venezuela,323,0,10.0,0.0,132.0,181,3.0,11.0,0.4,423592.0,14896.0,VEN,Venezuela,28870195.0,<1,1
Tanzania,299,0,10.0,0.0,48.0,241,7.0,5.0,0.2,0.0,0.0,TZA,Tanzania,56318348.0,<1,<1
Ghana,1279,0,10.0,0.0,134.0,1135,4.0,41.0,0.3,88188.0,2838.0,GHA,Ghana,29767108.0,<1,4
Paraguay,228,+5,9.0,0.0,85.0,134,1.0,32.0,1.0,7322.0,1027.0,PRY,Paraguay,6956071.0,<1,3
Mauritius,331,0,9.0,0.0,295.0,27,3.0,260.0,7.0,13374.0,10516.0,MUS,Mauritius,1265303.0,<1,26
Trinidad and Tobago,115,0,8.0,0.0,53.0,54,0.0,82.0,6.0,1514.0,1082.0,TTO,Trinidad and Tobago,1389858.0,<1,8
Kyrgyzstan,682,+17,8.0,0.0,370.0,304,13.0,105.0,1.0,45627.0,6994.0,KGZ,Kyrgyzstan,6315800.0,<1,10
Bahrain,2588,0,8.0,0.0,1160.0,1420,2.0,1521.0,5.0,110379.0,64869.0,BHR,Bahrain,1569439.0,<1,164
Guyana,74,+1,8.0,1.0,12.0,54,5.0,94.0,10.0,442.0,562.0,GUY,Guyana,779004.0,1,9
Uzbekistan,1865,+3,8.0,0.0,707.0,1150,8.0,56.0,0.2,242536.0,7247.0,UZB,Uzbekistan,32955400.0,<1,5
El Salvador,298,+24,8.0,0.0,83.0,207,4.0,46.0,1.0,18686.0,2881.0,SLV,El Salvador,6420744.0,<1,4
Jamaica,305,+17,7.0,0.0,28.0,270,0.0,103.0,2.0,2868.0,969.0,JAM,Jamaica,2934855.0,<1,10
Jordan,444,0,7.0,0.0,332.0,105,5.0,44.0,0.7,63737.0,6247.0,JOR,Jordan,9956011.0,<1,4
Montenegro,321,+1,7.0,1.0,153.0,161,7.0,511.0,11.0,5085.0,8096.0,MNE,Montenegro,622345.0,1,51
Senegal,614,0,7.0,0.0,276.0,331,1.0,37.0,0.4,466.0,28.0,SEN,Senegal,15854360.0,<1,3
Sri Lanka,471,+19,7.0,0.0,120.0,344,2.0,22.0,0.3,13850.0,647.0,LKA,Sri Lanka,21670000.0,<1,2
Guinea,996,0,7.0,0.0,208.0,781,0.0,76.0,0.5,0.0,0.0,GIN,Guinea,12414318.0,<1,8
Georgia,485,+29,6.0,1.0,139.0,340,6.0,122.0,2.0,9699.0,2431.0,GEO,Georgia,3731000.0,<1,12
Congo,200,0,6.0,0.0,19.0,175,0.0,36.0,1.0,0.0,0.0,COG,Republic of the Congo,5244363.0,<1,3
Barbados,79,0,6.0,0.0,31.0,42,4.0,275.0,21.0,1502.0,5227.0,BRB,Barbados,286641.0,2,27
Costa Rica,693,0,6.0,0.0,242.0,445,7.0,136.0,1.0,12467.0,2447.0,CRI,Costa Rica,4999441.0,<1,13
Haiti,72,0,6.0,0.0,6.0,60,0.0,6.0,0.5,719.0,63.0,HTI,Haiti,11123176.0,<1,<1
Taiwan,429,0,6.0,0.0,281.0,142,0.0,18.0,0.3,60459.0,2539.0,TWN,Taiwan,23780452.0,<1,1
Togo,96,0,6.0,0.0,62.0,28,0.0,12.0,0.7,5584.0,675.0,TGO,Togo,7889094.0,<1,1
Myanmar,146,+2,5.0,0.0,10.0,131,0.0,3.0,0.09,6245.0,115.0,MMR,Myanmar,53708395.0,<1,<1
Bermuda,109,0,5.0,0.0,39.0,65,10.0,1750.0,80.0,1173.0,18835.0,BMU,Bermuda,63968.0,7,170
Malta,448,0,4.0,0.0,282.0,162,2.0,1015.0,9.0,27981.0,63371.0,MLT,Malta,483530.0,<1,92
Zimbabwe,31,0,4.0,0.0,2.0,25,0.0,2.0,0.3,6067.0,408.0,ZWE,Zimbabwe,14439018.0,<1,<1
Mayotte,401,+21,4.0,0.0,144.0,253,4.0,1470.0,15.0,2500.0,9164.0,MYT,Mayotte,159042.0,2,252
Hong Kong,1038,0,4.0,0.0,753.0,281,4.0,138.0,0.5,145640.0,19426.0,HKG,Hong Kong,6898686.0,<1,15
Monaco,94,0,4.0,0.0,42.0,48,1.0,2395.0,102.0,0.0,0.0,MCO,Monaco,38682.0,10,243
Saint Martin,38,0,3.0,0.0,24.0,11,3.0,983.0,78.0,0.0,0.0,MAF,Saint Martin,35925.0,8,105
Malawi,34,+1,3.0,0.0,4.0,27,1.0,2.0,0.2,617.0,32.0,MWI,Malawi,18143315.0,<1,<1
Zambia,84,0,3.0,0.0,37.0,44,1.0,5.0,0.2,2586.0,141.0,ZMB,Zambia,17351822.0,<1,<1
Sierra Leone,86,+4,3.0,1.0,10.0,73,0.0,11.0,0.4,0.0,0.0,SLE,Sierra Leone,7650154.0,<1,1
Antigua and Barbuda,24,0,3.0,0.0,11.0,10,1.0,245.0,31.0,113.0,1154.0,ATG,Antigua and Barbuda,96286.0,3,24
Nicaragua,12,0,3.0,0.0,7.0,2,0.0,2.0,0.5,0.0,0.0,NIC,Nicaragua,6465513.0,<1,<1
Syria,42,0,3.0,0.0,11.0,28,0.0,2.0,0.2,0.0,0.0,SYR,Syria,16906283.0,<1,<1
Gabon,176,0,3.0,0.0,30.0,143,1.0,79.0,1.0,572.0,257.0,GAB,Gabon,2119275.0,<1,8
Ethiopia,123,+1,3.0,0.0,41.0,79,0.0,1.0,0.03,13645.0,119.0,ETH,Ethiopia,109224559.0,<1,<1
Djibouti,1008,0,2.0,0.0,373.0,633,0.0,1020.0,2.0,11431.0,11570.0,DJI,Djibouti,958920.0,<1,105
Belize,18,0,2.0,0.0,5.0,11,1.0,45.0,5.0,816.0,2052.0,BLZ,Belize,383071.0,<1,4
Libya,61,0,2.0,0.0,18.0,41,0.0,9.0,0.3,1461.0,213.0,LBY,Libya,6678567.0,<1,<1
Palestine,342,0,2.0,0.0,92.0,248,0.0,67.0,0.4,27000.0,5293.0,PSE,Palestine,4569087.0,<1,7
Aruba,100,0,2.0,0.0,69.0,29,4.0,937.0,19.0,1577.0,14771.0,ABW,Aruba,105845.0,1,94
MS Zaandam,9,0,2.0,0.0,0.0,7,0.0,0.0,0.0,0.0,0.0,0,0,0.0,<1,<1
Angola,25,0,2.0,0.0,6.0,17,0.0,0.8,0.06,0.0,0.0,AGO,Angola,30809762.0,<1,<1
Gambia,10,0,1.0,0.0,8.0,1,0.0,4.0,0.4,401.0,166.0,GMB,Gambia,2280102.0,<1,<1
Turks and Caicos,11,0,1.0,0.0,4.0,6,0.0,284.0,26.0,83.0,2144.0,TCA,Turks and Caicos Islands,31458.0,3,34
Suriname,10,0,1.0,0.0,7.0,2,0.0,17.0,2.0,404.0,689.0,SUR,Suriname,575991.0,<1,1
Montserrat,11,0,1.0,0.0,2.0,8,1.0,2204.0,200.0,36.0,7212.0,MSR,Montserrat,5900.0,16,186
Burundi,11,0,1.0,0.0,4.0,6,0.0,0.9,0.08,284.0,24.0,BDI,Burundi,11175378.0,<1,<1
Mauritania,7,0,1.0,0.0,6.0,0,0.0,2.0,0.2,1032.0,222.0,MRT,Mauritania,4403319.0,<1,<1
Equatorial Guinea,258,0,1.0,0.0,8.0,249,0.0,184.0,0.7,854.0,609.0,GNQ,Equatorial Guinea,1308974.0,<1,19
Curaçao,16,0,1.0,0.0,11.0,4,0.0,98.0,6.0,304.0,1853.0,CUW,Curacao,159849.0,<1,10
French Guiana,111,0,1.0,0.0,87.0,23,0.0,372.0,3.0,0.0,0.0,GUF,French Guiana,290691.0,<1,38
British Virgin Islands,6,0,1.0,0.0,3.0,2,0.0,198.0,33.0,0.0,0.0,VGB,British Virgin Islands,29802.0,3,20
Botswana,22,0,1.0,0.0,0.0,21,0.0,9.0,0.4,5023.0,2136.0,BWA,Botswana,2254126.0,<1,<1
Cabo Verde,90,0,1.0,0.0,1.0,88,0.0,162.0,2.0,791.0,1423.0,CPV,Cape Verde,543767.0,<1,16
Brunei,138,0,1.0,0.0,123.0,14,2.0,315.0,2.0,12981.0,29672.0,BRN,Brunei,428962.0,<1,32
Cayman Islands,70,0,1.0,0.0,8.0,61,3.0,1065.0,15.0,940.0,14303.0,CYM,Cayman Islands,64174.0,1,109
Liechtenstein,81,0,1.0,0.0,55.0,25,0.0,2124.0,26.0,900.0,23605.0,LIE,Liechtenstein,37910.0,2,213
Eswatini,56,0,1.0,0.0,10.0,45,0.0,48.0,0.9,714.0,615.0,SWZ,Swaziland,1367000.0,<1,4
Benin,54,0,1.0,0.0,27.0,26,0.0,4.0,0.08,0.0,0.0,BEN,Benin,11485048.0,<1,<1
Greenland,11,0,0.0,0.0,11.0,0,0.0,194.0,0.0,1200.0,21138.0,GRL,Greenland,56025.0,<1,19
Seychelles,11,0,0.0,0.0,6.0,5,0.0,112.0,0.0,0.0,0.0,SYC,Seychelles,96762.0,<1,11
Uganda,75,0,0.0,0.0,46.0,29,0.0,2.0,0.0,20329.0,444.0,UGA,Uganda,42723139.0,<1,<1
Gibraltar,136,0,0.0,0.0,131.0,5,0.0,4037.0,0.0,2174.0,64528.0,GIB,Gibraltar,33718.0,<1,403
Vatican City,9,0,0.0,0.0,2.0,7,0.0,11236.0,0.0,0.0,0.0,VAT,Vatican,1000.0,<1,900
Papua New Guinea,8,0,0.0,0.0,0.0,8,0.0,0.9,0.0,604.0,68.0,PNG,Papua New Guinea,8606316.0,<1,<1
Madagascar,123,0,0.0,0.0,62.0,61,1.0,4.0,0.0,2357.0,85.0,MDG,Madagascar,26262368.0,<1,<1
Macao,45,0,0.0,0.0,31.0,14,1.0,69.0,0.0,0.0,0.0,MAC,Macao,449198.0,<1,10
Cambodia,122,0,0.0,0.0,117.0,5,1.0,7.0,0.0,5768.0,345.0,KHM,Cambodia,16249798.0,<1,<1
St. Barth,6,0,0.0,0.0,6.0,0,0.0,607.0,0.0,0.0,0.0,BLM,Saint Barthelemy,8450.0,<1,71
South Sudan,6,+1,0.0,0.0,0.0,6,0.0,0.5,0.0,0.0,0.0,SSD,South Sudan,10975920.0,<1,<1
Western Sahara,6,0,0.0,0.0,5.0,1,0.0,10.0,0.0,0.0,0.0,ESH,Western Sahara,273008.0,<1,2
Caribbean Netherlands,5,0,0.0,0.0,0.0,5,0.0,191.0,0.0,110.0,4195.0,0,0,0.0,<1,<1
Sao Tome and Principe,4,0,0.0,0.0,0.0,4,0.0,18.0,0.0,19.0,87.0,STP,Sao Tome and Principe,211028.0,<1,1
Anguilla,3,0,0.0,0.0,1.0,2,0.0,200.0,0.0,0.0,0.0,AIA,Anguilla,13254.0,<1,22
Saint Pierre Miquelon,1,0,0.0,0.0,0.0,1,0.0,173.0,0.0,0.0,0.0,SPM,Saint Pierre and Miquelon,7012.0,<1,14
Yemen,1,0,0.0,0.0,1.0,0,0.0,0.03,0.0,120.0,4.0,YEM,Yemen,28498687.0,<1,<1
Vietnam,270,0,0.0,0.0,225.0,45,8.0,3.0,0.0,206253.0,2119.0,VNM,Vietnam,95540395.0,<1,<1
Bhutan,7,0,0.0,0.0,4.0,3,0.0,9.0,0.0,9791.0,12689.0,BTN,Bhutan,754394.0,<1,<1
French Polynesia,57,0,0.0,0.0,41.0,16,1.0,203.0,0.0,2069.0,7365.0,PYF,French Polynesia,277679.0,<1,20
Mozambique,70,0,0.0,0.0,12.0,58,0.0,2.0,0.0,1575.0,50.0,MOZ,Mozambique,29495962.0,<1,<1
Eritrea,39,0,0.0,0.0,13.0,26,0.0,11.0,0.0,0.0,0.0,ERI,Eritrea,5792984.0,<1,<1
Maldives,177,0,0.0,0.0,17.0,160,2.0,327.0,0.0,5296.0,9798.0,MDV,Maldives,515696.0,<1,34
Mongolia,38,+1,0.0,0.0,9.0,29,0.0,12.0,0.0,7292.0,2224.0,MNG,Mongolia,3170208.0,<1,1
Rwanda,183,0,0.0,0.0,88.0,95,0.0,14.0,0.0,6959.0,537.0,RWA,Rwanda,12301939.0,<1,1
Faeroe Islands,187,0,0.0,0.0,178.0,9,0.0,3827.0,0.0,6588.0,134826.0,FRO,Faroe Islands,48497.0,<1,385
Chad,46,0,0.0,0.0,15.0,31,0.0,3.0,0.0,0.0,0.0,TCD,Chad,15477751.0,<1,<1
Réunion,417,0,0.0,0.0,300.0,117,2.0,466.0,0.0,0.0,0.0,0,0,0.0,<1,<1
Timor-Leste,24,0,0.0,0.0,2.0,22,0.0,18.0,0.0,322.0,244.0,TLS,East Timor,1267972.0,<1,1
Nepal,51,+2,0.0,0.0,16.0,35,0.0,2.0,0.0,51367.0,1763.0,NPL,Nepal,28087871.0,<1,<1
CAR,19,+3,0.0,0.0,10.0,9,0.0,4.0,0.0,0.0,0.0,CAF,Central African Republic,4666377.0,<1,<1
Laos,19,0,0.0,0.0,7.0,12,0.0,3.0,0.0,1735.0,238.0,LAO,Laos,7061507.0,<1,<1
Guinea-Bissau,52,0,0.0,0.0,3.0,49,0.0,26.0,0.0,1500.0,762.0,GNB,Guinea-Bissau,1874309.0,<1,2
Grenada,18,0,0.0,0.0,7.0,11,4.0,160.0,0.0,175.0,1555.0,GRD,Grenada,111454.0,<1,16
New Caledonia,18,0,0.0,0.0,17.0,1,1.0,63.0,0.0,3952.0,13842.0,NCL,New Caledonia,284060.0,<1,6
Dominica,16,0,0.0,0.0,13.0,3,0.0,222.0,0.0,383.0,5320.0,DMA,Dominica,71625.0,<1,22
Namibia,16,0,0.0,0.0,8.0,8,0.0,6.0,0.0,675.0,266.0,NAM,Namibia,2448255.0,<1,<1
Saint Kitts and Nevis,15,0,0.0,0.0,2.0,13,0.0,282.0,0.0,260.0,4887.0,KNA,Saint Kitts and Nevis,52441.0,<1,28
Saint Lucia,15,0,0.0,0.0,15.0,0,0.0,82.0,0.0,446.0,2429.0,LCA,Saint Lucia,181889.0,<1,8
St. Vincent Grenadines,14,0,0.0,0.0,5.0,9,0.0,126.0,0.0,108.0,973.0,VCT,Saint Vincent and the Grenadines,110210.0,<1,12
Falkland Islands,13,0,0.0,0.0,11.0,2,0.0,3736.0,0.0,353.0,101437.0,FLK,Falkland Islands,2638.0,<1,492
Fiji,18,0,0.0,0.0,10.0,8,0.0,20.0,0.0,900.0,1004.0,FJI,Fiji,883483.0,<1,2
